{"cameraMode":{"drawMode":0,"name":"Shaded","section":"Shading Mode"},"sceneLighting":true,"audioPlay":false,"sceneViewState":{"showFog":true,"showMaterialUpdate":false,"showSkybox":true,"showFlares":true,"showImageEffects":true,"showParticleSystems":true},"in2DMode":false,"pivot":{"x":10.445958137512207,"y":8.406174659729004,"z":12.14487075805664},"rotation":{"x":0.02861366793513298,"y":-0.11520117521286011,"z":0.003319595707580447,"w":0.9929245114326477},"size":74.6273422241211,"orthographic":true}